linkid,in_study_cohort
101691,0
101705,0
101727,0
101759,0
101831,0
101857,0
101860,0
101868,0
101874,0
101895,0
101959,0
101970,0
100459,0
101991,0
102007,0
102024,0
102025,0
100487,0
102059,0
102066,0
102102,0
102104,0
100555,0
102126,0
100558,0
102150,0
102192,0
102230,0
102240,0
102295,0
102307,0
102323,0
102324,0
100907,0
100921,0
100925,0
100931,0
100141,0
100953,0
100993,0
100150,0
101014,0
101027,0
101043,0
101084,0
101097,0
101102,0
101105,0
100210,0
101192,0
100219,0
101239,0
101284,0
101305,0
101327,0
101359,0
101375,0
101387,0
101402,0
101442,0
101497,0
101521,0
101582,0
101592,0
100125,1
100180,1
100391,1
100596,1
100908,1
100947,1
101042,1
101049,1
101096,1
101188,1
101260,1
101584,1
101668,1
101824,1
102124,1
102238,1
102297,1
